{
	"info": {
		"_postman_id": "c92495f3-8c6b-4e25-8548-2bb9d1a9e66d",
		"name": "WhatsApp Business API",
		"schema": "https://schema.getpostman.com/json/collection/v2.1.0/collection.json"
	},
	"item": [
		{
			"name": "00-Users",
			"item": [
				{
					"name": "Login-User",
					"request": {
						"auth": {
							"type": "basic",
							"basic": [
								{
									"key": "password",
									"value": "{{UserPassword}}",
									"type": "string"
								},
								{
									"key": "username",
									"value": "{{UserUsername}}",
									"type": "string"
								}
							]
						},
						"method": "POST",
						"header": [
							{
								"key": "Content-Type",
								"value": "application/json"
							}
						],
						"body": {
							"mode": "raw",
							"raw": ""
						},
						"url": {
							"raw": "{{URL}}/v1/users/login",
							"host": [
								"{{URL}}"
							],
							"path": [
								"v1",
								"users",
								"login"
							]
						}
					},
					"response": []
				},
				{
					"name": "Login-Admin",
					"request": {
						"auth": {
							"type": "basic",
							"basic": [
								{
									"key": "password",
									"value": "{{AdminPassword}}",
									"type": "string"
								},
								{
									"key": "username",
									"value": "{{AdminUsername}}",
									"type": "string"
								}
							]
						},
						"method": "POST",
						"header": [
							{
								"key": "Content-Type",
								"value": "application/json"
							}
						],
						"body": {
							"mode": "raw",
							"raw": "{\n\t\"new_password\": \"<New Admin Password>\"\n}"
						},
						"url": {
							"raw": "{{URL}}/v1/users/login",
							"host": [
								"{{URL}}"
							],
							"path": [
								"v1",
								"users",
								"login"
							]
						}
					},
					"response": []
				},
				{
					"name": "Create-User",
					"request": {
						"method": "POST",
						"header": [
							{
								"key": "Content-Type",
								"value": "application/json"
							},
							{
								"key": "Authorization",
								"value": "Bearer {{AdminAuthToken}}"
							}
						],
						"body": {
							"mode": "raw",
							"raw": "{\n  \"username\": \"{{UserUsername}}\",\n  \"password\": \"{{UserPassword}}\"\n}"
						},
						"url": {
							"raw": "{{URL}}/v1/users",
							"host": [
								"{{URL}}"
							],
							"path": [
								"v1",
								"users"
							]
						}
					},
					"response": []
				},
				{
					"name": "Get-Admin",
					"request": {
						"method": "GET",
						"header": [
							{
								"key": "Content-Type",
								"value": "application/json"
							},
							{
								"key": "Authorization",
								"value": "Bearer {{AdminAuthToken}}"
							}
						],
						"url": {
							"raw": "{{URL}}/v1/users/{{AdminUsername}}",
							"host": [
								"{{URL}}"
							],
							"path": [
								"v1",
								"users",
								"{{AdminUsername}}"
							]
						}
					},
					"response": []
				},
				{
					"name": "Get-User",
					"request": {
						"method": "GET",
						"header": [
							{
								"key": "Content-Type",
								"value": "application/json"
							},
							{
								"key": "Authorization",
								"value": "Bearer {{AdminAuthToken}}"
							}
						],
						"url": {
							"raw": "{{URL}}/v1/users/{{UserUsername}}",
							"host": [
								"{{URL}}"
							],
							"path": [
								"v1",
								"users",
								"{{UserUsername}}"
							]
						}
					},
					"response": []
				},
				{
					"name": "Update-User",
					"request": {
						"method": "PUT",
						"header": [
							{
								"key": "Content-Type",
								"value": "application/json"
							},
							{
								"key": "Authorization",
								"value": "Bearer {{AdminAuthToken}}"
							}
						],
						"body": {
							"mode": "raw",
							"raw": "{\n  \"password\": \"<New Password>\"\n}"
						},
						"url": {
							"raw": "{{URL}}/v1/users/{{UserUsername}}",
							"host": [
								"{{URL}}"
							],
							"path": [
								"v1",
								"users",
								"{{UserUsername}}"
							]
						}
					},
					"response": []
				},
				{
					"name": "Delete-User",
					"request": {
						"method": "DELETE",
						"header": [
							{
								"key": "Content-Type",
								"value": "application/json"
							},
							{
								"key": "Authorization",
								"value": "Bearer {{AdminAuthToken}}"
							}
						],
						"body": {
							"mode": "raw",
							"raw": ""
						},
						"url": {
							"raw": "{{URL}}/v1/users/{{UserUsername}}",
							"host": [
								"{{URL}}"
							],
							"path": [
								"v1",
								"users",
								"{{UserUsername}}"
							]
						}
					},
					"response": []
				},
				{
					"name": "Logout-User",
					"request": {
						"method": "POST",
						"header": [
							{
								"key": "Content-Type",
								"value": "application/json"
							},
							{
								"key": "Authorization",
								"value": "Bearer {{AdminAuthToken}}"
							}
						],
						"body": {
							"mode": "raw",
							"raw": ""
						},
						"url": {
							"raw": "{{URL}}/v1/users/logout",
							"host": [
								"{{URL}}"
							],
							"path": [
								"v1",
								"users",
								"logout"
							]
						}
					},
					"response": []
				}
			]
		},
		{
			"name": "01-Settings",
			"item": [
				{
					"name": "Application",
					"item": [
						{
							"name": "Get-Settings",
							"request": {
								"method": "GET",
								"header": [
									{
										"key": "Content-Type",
										"value": "application/json"
									},
									{
										"key": "Authorization",
										"value": "Bearer {{AdminAuthToken}}"
									}
								],
								"url": {
									"raw": "{{URL}}/v1/settings/application",
									"host": [
										"{{URL}}"
									],
									"path": [
										"v1",
										"settings",
										"application"
									]
								}
							},
							"response": []
						},
						{
							"name": "Get-Shards",
							"request": {
								"method": "GET",
								"header": [
									{
										"key": "Content-Type",
										"value": "application/json"
									},
									{
										"key": "Authorization",
										"value": "Bearer {{AdminAuthToken}}"
									}
								],
								"url": {
									"raw": "{{URL}}/v1/account/shards",
									"host": [
										"{{URL}}"
									],
									"path": [
										"v1",
										"account",
										"shards"
									]
								}
							},
							"response": []
						},
						{
							"name": "Set-Shards",
							"request": {
								"method": "POST",
								"header": [
									{
										"key": "Content-Type",
										"value": "application/json"
									},
									{
										"key": "Authorization",
										"value": "Bearer {{AdminAuthToken}}"
									}
								],
								"body": {
									"mode": "raw",
									"raw": "{\n\t\"cc\": \"<Country Code>\",\n\t\"phone_number\": \"<Phone Number>\",\n\t\"shards\": \"1 | 2 | 4 | 8 | 16 | 32\",\n\t\"pin\": \"<Two-Step PIN>\"\n}"
								},
								"url": {
									"raw": "{{URL}}/v1/account/shards",
									"host": [
										"{{URL}}"
									],
									"path": [
										"v1",
										"account",
										"shards"
									]
								}
							},
							"response": []
						},
						{
							"name": "Update-Webhooks",
							"request": {
								"method": "PATCH",
								"header": [
									{
										"key": "Content-Type",
										"value": "application/json"
									},
									{
										"key": "Authorization",
										"value": "Bearer {{AdminAuthToken}}"
									}
								],
								"body": {
									"mode": "raw",
									"raw": "{\n\t\"webhooks\": {\n       \"url\": \"<Webhook URL, https>\"\n    }\n}"
								},
								"url": {
									"raw": "{{URL}}/v1/settings/application",
									"host": [
										"{{URL}}"
									],
									"path": [
										"v1",
										"settings",
										"application"
									]
								}
							},
							"response": []
						},
						{
							"name": "Delete-Webhooks",
							"request": {
								"method": "PATCH",
								"header": [
									{
										"key": "Content-Type",
										"value": "application/json"
									},
									{
										"key": "Authorization",
										"value": "Bearer {{AdminAuthToken}}"
									}
								],
								"body": {
									"mode": "raw",
									"raw": "{\n\t\"webhooks\": {\n       \"url\": \"\"\n    }\n}"
								},
								"url": {
									"raw": "{{URL}}/v1/settings/application",
									"host": [
										"{{URL}}"
									],
									"path": [
										"v1",
										"settings",
										"application"
									]
								}
							},
							"response": []
						},
						{
							"name": "Update-Settings",
							"request": {
								"method": "PATCH",
								"header": [
									{
										"key": "Content-Type",
										"value": "application/json"
									},
									{
										"key": "Authorization",
										"value": "Bearer {{AdminAuthToken}}"
									}
								],
								"body": {
									"mode": "raw",
									"raw": "{\n\t\"callback_backoff_delay_ms\": 3000,\n  \t\"max_callback_backoff_delay_ms\": 900000,\n  \t\"callback_persist\": true,\n  \t\"media\": {\n  \t\t\"auto_download\": [\"image\", \"document\", \"audio\"]\n  \t},\n  \t\"webhooks\": {\n  \t\t\"url\": \"<Webhook URL, https>\",\n  \t\t\"max_concurrent_requests\": 12\n  \t},\n  \t\"sent_status\": false,\n\t\"db_garbagecollector_enable\": true\n}"
								},
								"url": {
									"raw": "{{URL}}/v1/settings/application",
									"host": [
										"{{URL}}"
									],
									"path": [
										"v1",
										"settings",
										"application"
									]
								}
							},
							"response": []
						},
						{
							"name": "Delete-App-Settings",
							"request": {
								"method": "DELETE",
								"header": [
									{
										"key": "Content-Type",
										"value": "application/json"
									},
									{
										"key": "Authorization",
										"value": "Bearer {{AdminAuthToken}}"
									}
								],
								"body": {
									"mode": "raw",
									"raw": ""
								},
								"url": {
									"raw": "{{URL}}/v1/settings/application",
									"host": [
										"{{URL}}"
									],
									"path": [
										"v1",
										"settings",
										"application"
									]
								}
							},
							"response": []
						},
						{
							"name": "Get-Media-Providers",
							"protocolProfileBehavior": {
								"disableBodyPruning": true
							},
							"request": {
								"method": "GET",
								"header": [
									{
										"key": "Content-Type",
										"value": "application/json"
									},
									{
										"key": "Authorization",
										"value": "Bearer {{AdminAuthToken}}"
									}
								],
								"body": {
									"mode": "raw",
									"raw": ""
								},
								"url": {
									"raw": "{{URL}}/v1/settings/application/media/providers",
									"host": [
										"{{URL}}"
									],
									"path": [
										"v1",
										"settings",
										"application",
										"media",
										"providers"
									]
								}
							},
							"response": []
						},
						{
							"name": "Delete-Media-Providers",
							"request": {
								"method": "DELETE",
								"header": [
									{
										"key": "Content-Type",
										"value": "application/json"
									},
									{
										"key": "Authorization",
										"value": "Bearer {{AdminAuthToken}}"
									}
								],
								"body": {
									"mode": "raw",
									"raw": ""
								},
								"url": {
									"raw": "{{URL}}/v1/settings/application/media/providers/<Provider Name>",
									"host": [
										"{{URL}}"
									],
									"path": [
										"v1",
										"settings",
										"application",
										"media",
										"providers",
										"<Provider Name>"
									]
								}
							},
							"response": []
						},
						{
							"name": "Update-Media-Providers",
							"request": {
								"method": "POST",
								"header": [
									{
										"key": "Content-Type",
										"value": "application/json"
									},
									{
										"key": "Authorization",
										"value": "Bearer {{AdminAuthToken}}"
									}
								],
								"body": {
									"mode": "raw",
									"raw": "[\n\t{\n\t\t\"name\": \"<Provider Name>\",\n\t\t\"type\": \"www\",\n\t\t\"config\": {\n\t\t\t\"bearer\": \"<Bearer Auth Token>\"\n\t\t}\n\t}\n]"
								},
								"url": {
									"raw": "{{URL}}/v1/settings/application/media/providers",
									"host": [
										"{{URL}}"
									],
									"path": [
										"v1",
										"settings",
										"application",
										"media",
										"providers"
									]
								}
							},
							"response": []
						},
						{
							"name": "Get-Shards",
							"request": {
								"method": "GET",
								"header": [
									{
										"key": "Authorization",
										"value": "Bearer {{AdminAuthToken}}",
										"type": "text"
									}
								],
								"url": {
									"raw": "{{URL}}/v1/account/shards",
									"host": [
										"{{URL}}"
									],
									"path": [
										"v1",
										"account",
										"shards"
									]
								},
								"description": "Get shards"
							},
							"response": []
						}
					]
				},
				{
					"name": "Backup/Restore",
					"item": [
						{
							"name": "Backup-Settings",
							"request": {
								"method": "POST",
								"header": [
									{
										"key": "Content-Type",
										"value": "application/json"
									},
									{
										"key": "Authorization",
										"value": "Bearer {{AdminAuthToken}}"
									}
								],
								"body": {
									"mode": "raw",
									"raw": "{\n\t\"password\": \"<Password for Backup>\"\n}"
								},
								"url": {
									"raw": "{{URL}}/v1/settings/backup",
									"host": [
										"{{URL}}"
									],
									"path": [
										"v1",
										"settings",
										"backup"
									]
								}
							},
							"response": []
						},
						{
							"name": "Restore-Settings",
							"request": {
								"method": "POST",
								"header": [
									{
										"key": "Content-Type",
										"value": "application/json"
									},
									{
										"key": "Authorization",
										"value": "Bearer {{AdminAuthToken}}"
									}
								],
								"body": {
									"mode": "raw",
									"raw": "{\n\t\"password\": \"<Password for Backup>\",\n\t\"data\": \"<Data to Restore, from Backup API>\"\n}"
								},
								"url": {
									"raw": "{{URL}}/v1/settings/restore",
									"host": [
										"{{URL}}"
									],
									"path": [
										"v1",
										"settings",
										"restore"
									]
								}
							},
							"response": []
						}
					]
				},
				{
					"name": "Business Profile",
					"item": [
						{
							"name": "Get-Business-Profile",
							"request": {
								"method": "GET",
								"header": [
									{
										"key": "Content-Type",
										"value": "application/json"
									},
									{
										"key": "Authorization",
										"value": "Bearer {{AdminAuthToken}}"
									}
								],
								"url": {
									"raw": "{{URL}}/v1/settings/business/profile",
									"host": [
										"{{URL}}"
									],
									"path": [
										"v1",
										"settings",
										"business",
										"profile"
									]
								}
							},
							"response": []
						},
						{
							"name": "Set-Business-Profile",
							"request": {
								"method": "POST",
								"header": [
									{
										"key": "Content-Type",
										"value": "application/json"
									},
									{
										"key": "Authorization",
										"value": "Bearer {{AdminAuthToken}}"
									}
								],
								"body": {
									"mode": "raw",
									"raw": "{\n\t\"address\": \"<Business Profile Address>\",\n\t\"description\": \"<Business Profile Description>\",\n\t\"email\": \"<Business Profile Email>\",\n\t\"vertical\": \"<Business Profile Vertical>\",\n\t\"websites\": [\"https://www.whatsapp.com\", \"https://www.facebook.com\"]\n}"
								},
								"url": {
									"raw": "{{URL}}/v1/settings/business/profile",
									"host": [
										"{{URL}}"
									],
									"path": [
										"v1",
										"settings",
										"business",
										"profile"
									]
								}
							},
							"response": []
						}
					]
				},
				{
					"name": "Profile",
					"item": [
						{
							"name": "Get-Profile-About",
							"request": {
								"method": "GET",
								"header": [
									{
										"key": "Content-Type",
										"value": "application/json"
									},
									{
										"key": "Authorization",
										"value": "Bearer {{AdminAuthToken}}"
									}
								],
								"url": {
									"raw": "{{URL}}/v1/settings/profile/about",
									"host": [
										"{{URL}}"
									],
									"path": [
										"v1",
										"settings",
										"profile",
										"about"
									]
								}
							},
							"response": []
						},
						{
							"name": "Get-Profile-Photo-Binary",
							"request": {
								"method": "GET",
								"header": [
									{
										"key": "Content-Type",
										"value": "application/json"
									},
									{
										"key": "Authorization",
										"value": "Bearer {{AdminAuthToken}}"
									}
								],
								"url": {
									"raw": "{{URL}}/v1/settings/profile/photo",
									"host": [
										"{{URL}}"
									],
									"path": [
										"v1",
										"settings",
										"profile",
										"photo"
									]
								}
							},
							"response": []
						},
						{
							"name": "Get-Profile-Photo-URL",
							"request": {
								"method": "GET",
								"header": [
									{
										"key": "Content-Type",
										"value": "application/json"
									},
									{
										"key": "Authorization",
										"value": "Bearer {{AdminAuthToken}}"
									}
								],
								"url": {
									"raw": "{{URL}}/v1/settings/profile/photo?format=link",
									"host": [
										"{{URL}}"
									],
									"path": [
										"v1",
										"settings",
										"profile",
										"photo"
									],
									"query": [
										{
											"key": "format",
											"value": "link"
										}
									]
								}
							},
							"response": []
						},
						{
							"name": "Set-Profile-About",
							"request": {
								"method": "PATCH",
								"header": [
									{
										"key": "Content-Type",
										"value": "application/json"
									},
									{
										"key": "Authorization",
										"value": "Bearer {{AdminAuthToken}}"
									}
								],
								"body": {
									"mode": "raw",
									"raw": "{\n\t\"text\": \"<About Profile>\"\n}"
								},
								"url": {
									"raw": "{{URL}}/v1/settings/profile/about",
									"host": [
										"{{URL}}"
									],
									"path": [
										"v1",
										"settings",
										"profile",
										"about"
									]
								}
							},
							"response": []
						},
						{
							"name": "Set-Profile-Photo",
							"request": {
								"method": "POST",
								"header": [
									{
										"key": "Content-Type",
										"value": "image/jpeg"
									},
									{
										"key": "Authorization",
										"value": "Bearer {{AdminAuthToken}}"
									}
								],
								"body": {
									"mode": "file",
									"file": {}
								},
								"url": {
									"raw": "{{URL}}/v1/settings/profile/photo",
									"host": [
										"{{URL}}"
									],
									"path": [
										"v1",
										"settings",
										"profile",
										"photo"
									]
								}
							},
							"response": []
						}
					]
				},
				{
					"name": "Two-Step Verification",
					"item": [
						{
							"name": "Enable-Two-Step",
							"request": {
								"method": "POST",
								"header": [
									{
										"key": "Content-Type",
										"value": "application/json"
									},
									{
										"key": "Authorization",
										"value": "Bearer {{AdminAuthToken}}"
									}
								],
								"body": {
									"mode": "raw",
									"raw": "{\n\t\"pin\": \"<Two-Step Verification PIN>\"\n}"
								},
								"url": {
									"raw": "{{URL}}/v1/settings/account/two-step",
									"host": [
										"{{URL}}"
									],
									"path": [
										"v1",
										"settings",
										"account",
										"two-step"
									]
								}
							},
							"response": []
						},
						{
							"name": "Disable-Two-Step",
							"request": {
								"method": "DELETE",
								"header": [
									{
										"key": "Content-Type",
										"value": "application/json"
									},
									{
										"key": "Authorization",
										"value": "Bearer {{AdminAuthToken}}"
									}
								],
								"body": {
									"mode": "raw",
									"raw": ""
								},
								"url": {
									"raw": "{{URL}}/v1/settings/account/two-step",
									"host": [
										"{{URL}}"
									],
									"path": [
										"v1",
										"settings",
										"account",
										"two-step"
									]
								}
							},
							"response": []
						}
					]
				}
			]
		},
		{
			"name": "02-Registration",
			"item": [
				{
					"name": "Request-Code",
					"request": {
						"method": "POST",
						"header": [
							{
								"key": "Content-Type",
								"value": "application/json"
							},
							{
								"key": "Authorization",
								"value": "Bearer {{AdminAuthToken}}"
							}
						],
						"body": {
							"mode": "raw",
							"raw": "{\n\t\"cc\": \"<Country Code>\",\n\t\"phone_number\": \"<Phone Number>\",\n\t\"method\": \"< sms | voice >\",\n\t\"cert\": \"<Valid Cert from Business Manager>\",\n\t\"pin\": \"<Two-Step Verification PIN\"\n}"
						},
						"url": {
							"raw": "{{URL}}/v1/account",
							"host": [
								"{{URL}}"
							],
							"path": [
								"v1",
								"account"
							]
						}
					},
					"response": []
				},
				{
					"name": "Register-Account",
					"request": {
						"method": "POST",
						"header": [
							{
								"key": "Content-Type",
								"value": "application/json"
							},
							{
								"key": "Authorization",
								"value": "Bearer {{AdminAuthToken}}"
							}
						],
						"body": {
							"mode": "raw",
							"raw": "{\n\t\"code\": \"<Registration Code Received via SMS/Voice>\"\n}"
						},
						"url": {
							"raw": "{{URL}}/v1/account/verify",
							"host": [
								"{{URL}}"
							],
							"path": [
								"v1",
								"account",
								"verify"
							]
						}
					},
					"response": []
				}
			]
		},
		{
			"name": "03-Contacts",
			"item": [
				{
					"name": "Check-Contact",
					"request": {
						"method": "POST",
						"header": [
							{
								"key": "Content-Type",
								"value": "application/json"
							},
							{
								"key": "Authorization",
								"value": "Bearer {{AdminAuthToken}}"
							}
						],
						"body": {
							"mode": "raw",
							"raw": "{\n   \"blocking\": \"wait\",\n   \"contacts\": [\n      \"{{Recipient-WA-ID}}\"\n   ],\n   \"force_check\": \"<false (default) | true>\"\n}"
						},
						"url": {
							"raw": "{{URL}}/v1/contacts",
							"host": [
								"{{URL}}"
							],
							"path": [
								"v1",
								"contacts"
							]
						}
					},
					"response": []
				},
				{
					"name": "Check-Contact-Async",
					"request": {
						"method": "POST",
						"header": [
							{
								"key": "Content-Type",
								"value": "application/json"
							},
							{
								"key": "Authorization",
								"value": "Bearer {{AdminAuthToken}}"
							}
						],
						"body": {
							"mode": "raw",
							"raw": "{\n   \"contacts\": [\n      \"{{Recipient-WA-ID}}\"\n   ],\n   \"force_check\": \"<false (default) | true>\"\n}"
						},
						"url": {
							"raw": "{{URL}}/v1/contacts/",
							"host": [
								"{{URL}}"
							],
							"path": [
								"v1",
								"contacts",
								""
							]
						}
					},
					"response": []
				},
				{
					"name": "Contact-Get-Identity",
					"request": {
						"method": "GET",
						"header": [
							{
								"key": "Content-Type",
								"value": "application/json"
							},
							{
								"key": "Authorization",
								"value": "Bearer {{AdminAuthToken}}"
							}
						],
						"url": {
							"raw": "{{URL}}/v1/contacts/{{Recipient-WA-ID}}/identity",
							"host": [
								"{{URL}}"
							],
							"path": [
								"v1",
								"contacts",
								"{{Recipient-WA-ID}}",
								"identity"
							]
						}
					},
					"response": []
				},
				{
					"name": "Contact-Ack-Identity",
					"request": {
						"method": "PUT",
						"header": [
							{
								"key": "Content-Type",
								"value": "application/json"
							},
							{
								"key": "Authorization",
								"value": "Bearer {{AdminAuthToken}}"
							}
						],
						"body": {
							"mode": "raw",
							"raw": "{\n   \"hash\": \"<identity hash>\"\n}"
						},
						"url": {
							"raw": "{{URL}}/v1/contacts/{{Recipient-WA-ID}}/identity",
							"host": [
								"{{URL}}"
							],
							"path": [
								"v1",
								"contacts",
								"{{Recipient-WA-ID}}",
								"identity"
							]
						}
					},
					"response": []
				}
			]
		},
		{
			"name": "04-Messages",
			"item": [
				{
					"name": "Send-Text-Message",
					"request": {
						"method": "POST",
						"header": [
							{
								"key": "Content-Type",
								"value": "application/json"
							},
							{
								"key": "Authorization",
								"value": "Bearer {{AdminAuthToken}}"
							}
						],
						"body": {
							"mode": "raw",
							"raw": "{\n  \"to\": \"{{Recipient-WA-ID}}\",\n  \"type\": \"text\",\n  \"recipient_type\": \"individual\",\n  \"text\": {\n    \"body\": \"<Message Text>\"\n  }\n}\n"
						},
						"url": {
							"raw": "{{URL}}/v1/messages",
							"host": [
								"{{URL}}"
							],
							"path": [
								"v1",
								"messages"
							]
						}
					},
					"response": []
				},
				{
					"name": "Send-Text-URL-Message",
					"request": {
						"method": "POST",
						"header": [
							{
								"key": "Content-Type",
								"value": "application/json"
							},
							{
								"key": "Authorization",
								"value": "Bearer {{AdminAuthToken}}"
							}
						],
						"body": {
							"mode": "raw",
							"raw": "{\n  \"to\": \"{{Recipient-WA-ID}}\",\n  \"type\": \"text\",\n  \"text\": {\n    \"body\": \"<Message Text With URL>\"\n  },\n  \"preview_url\": true\n}\n"
						},
						"url": {
							"raw": "{{URL}}/v1/messages",
							"host": [
								"{{URL}}"
							],
							"path": [
								"v1",
								"messages"
							]
						}
					},
					"response": []
				},
				{
					"name": "Send-Image-Message-By-ID",
					"request": {
						"method": "POST",
						"header": [
							{
								"key": "Content-Type",
								"value": "application/json"
							},
							{
								"key": "Authorization",
								"value": "Bearer {{AdminAuthToken}}"
							}
						],
						"body": {
							"mode": "raw",
							"raw": "{\n\t\"to\": \"{{Recipient-WA-ID}}\",\n\t\"type\": \"image\",\n\t\"recipient_type\": \"individual\",\n\t\"image\": {\n\t\t\"caption\": \"<Message Caption>\",\n\t\t\"id\": \"<Media Id, from Media API>\"\n\t}\n}\n"
						},
						"url": {
							"raw": "{{URL}}/v1/messages/",
							"host": [
								"{{URL}}"
							],
							"path": [
								"v1",
								"messages",
								""
							]
						}
					},
					"response": []
				},
				{
					"name": "Send-Image-Message-By-URL",
					"request": {
						"method": "POST",
						"header": [
							{
								"key": "Content-Type",
								"value": "application/json"
							},
							{
								"key": "Authorization",
								"value": "Bearer {{AdminAuthToken}}"
							}
						],
						"body": {
							"mode": "raw",
							"raw": "{\n\t\"to\": \"{{Recipient-WA-ID}}\",\n\t\"type\": \"image\",\n\t\"recipient_type\": \"individual\",\n\t\"image\": {\n\t\t\"provider\": {\n\t\t\t\"name\": \"<Provider Name from Media Provider API, optional\"\n\t\t},\n\t\t\"link\": \"<Link to Image, https>\",\n\t\t\"caption\": \"<Media Caption>\"\n\t}\n}\n"
						},
						"url": {
							"raw": "{{URL}}/v1/messages/",
							"host": [
								"{{URL}}"
							],
							"path": [
								"v1",
								"messages",
								""
							]
						}
					},
					"response": []
				},
				{
					"name": "Send-Audio-Message-By-ID",
					"request": {
						"method": "POST",
						"header": [
							{
								"key": "Content-Type",
								"value": "application/json"
							},
							{
								"key": "Authorization",
								"value": "Bearer {{AdminAuthToken}}"
							}
						],
						"body": {
							"mode": "raw",
							"raw": "{\n\t\"to\": \"{{Recipient-WA-ID}}\",\n\t\"type\": \"audio\",\n\t\"recipient_type\": \"individual\",\n\t\"audio\": {\n\t\t\"id\": \"<Media Id, from Media API>\"\n\t}\n}\n"
						},
						"url": {
							"raw": "{{URL}}/v1/messages/",
							"host": [
								"{{URL}}"
							],
							"path": [
								"v1",
								"messages",
								""
							]
						}
					},
					"response": []
				},
				{
					"name": "Send-Audio-Message-By-URL",
					"request": {
						"method": "POST",
						"header": [
							{
								"key": "Content-Type",
								"value": "application/json"
							},
							{
								"key": "Authorization",
								"value": "Bearer {{AdminAuthToken}}"
							}
						],
						"body": {
							"mode": "raw",
							"raw": "{\n\t\"to\": \"{{Recipient-WA-ID}}\",\n\t\"type\": \"audio\",\n\t\"recipient_type\": \"individual\",\n\t\"audio\": {\n\t\t\"provider\": {\n\t\t\t\"name\": \"<Provider Name from Media Provider API, optional\"\n\t\t},\n\t\t\"link\": \"<Link to Audio, https>\"\n\t}\n}\n"
						},
						"url": {
							"raw": "{{URL}}/v1/messages/",
							"host": [
								"{{URL}}"
							],
							"path": [
								"v1",
								"messages",
								""
							]
						}
					},
					"response": []
				},
				{
					"name": "Send-Video-Message-By-ID",
					"request": {
						"method": "POST",
						"header": [
							{
								"key": "Content-Type",
								"value": "application/json"
							},
							{
								"key": "Authorization",
								"value": "Bearer {{AdminAuthToken}}"
							}
						],
						"body": {
							"mode": "raw",
							"raw": "{\n\t\"to\": \"{{Recipient-WA-ID}}\",\n\t\"type\": \"video\",\n\t\"recipient_type\": \"individual\",\n\t\"video\": {\n\t\t\"caption\": \"<Message Caption>\",\n\t\t\"id\": \"<Media Id, from Media API>\"\n\t}\n}\n"
						},
						"url": {
							"raw": "{{URL}}/v1/messages/",
							"host": [
								"{{URL}}"
							],
							"path": [
								"v1",
								"messages",
								""
							]
						}
					},
					"response": []
				},
				{
					"name": "Send-Video-Message-By-URL",
					"request": {
						"method": "POST",
						"header": [
							{
								"key": "Content-Type",
								"value": "application/json"
							},
							{
								"key": "Authorization",
								"value": "Bearer {{AdminAuthToken}}"
							}
						],
						"body": {
							"mode": "raw",
							"raw": "{\n\t\"to\": \"{{Recipient-WA-ID}}\",\n\t\"type\": \"video\",\n\t\"recipient_type\": \"individual\",\n\t\"video\": {\n\t\t\"provider\": {\n\t\t\t\"name\": \"<Provider Name from Media Provider API, optional\"\n\t\t},\n\t\t\"caption\": \"<Message Caption>\",\n\t\t\"link\": \"<Link to Video, https>\"\n\t}\n}\n"
						},
						"url": {
							"raw": "{{URL}}/v1/messages/",
							"host": [
								"{{URL}}"
							],
							"path": [
								"v1",
								"messages",
								""
							]
						}
					},
					"response": []
				},
				{
					"name": "Send-Doc-Message-By-ID",
					"request": {
						"method": "POST",
						"header": [
							{
								"key": "Content-Type",
								"value": "application/json"
							},
							{
								"key": "Authorization",
								"value": "Bearer {{AdminAuthToken}}"
							}
						],
						"body": {
							"mode": "raw",
							"raw": "{\n\t\"to\": \"{{Recipient-WA-ID}}\",\n\t\"type\": \"document\",\n\t\"recipient_type\": \"individual\",\n\t\"document\": {\n\t\t\"caption\": \"<Message Caption>\",\n\t\t\"id\": \"<Media Id, from Media API>\",\n\t\t\"filename\": \"<Filename>\"\n\t}\n}\n"
						},
						"url": {
							"raw": "{{URL}}/v1/messages/",
							"host": [
								"{{URL}}"
							],
							"path": [
								"v1",
								"messages",
								""
							]
						}
					},
					"response": []
				},
				{
					"name": "Send-Doc-Message-By-URL",
					"request": {
						"method": "POST",
						"header": [
							{
								"key": "Content-Type",
								"value": "application/json"
							},
							{
								"key": "Authorization",
								"value": "Bearer {{AdminAuthToken}}"
							}
						],
						"body": {
							"mode": "raw",
							"raw": "{\n\t\"to\": \"{{Recipient-WA-ID}}\",\n\t\"type\": \"document\",\n\t\"recipient_type\": \"individual\",\n\t\"document\": {\n\t\t\"provider\": {\n\t\t\t\"name\": \"<Provider Name from Media Provider API, optional\"\n\t\t},\n\t\t\"caption\": \"<Message Caption>\",\n\t\t\"link\": \"<Link to PDF, https>\",\n\t\t\"filename\": \"<Filename>\"\n\t}\n}\n"
						},
						"url": {
							"raw": "{{URL}}/v1/messages/",
							"host": [
								"{{URL}}"
							],
							"path": [
								"v1",
								"messages",
								""
							]
						}
					},
					"response": []
				},
				{
					"name": "Send-List-Message",
					"request": {
						"method": "POST",
						"header": [
							{
								"key": "Content-Type",
								"value": "application/json"
							},
							{
								"key": "Authorization",
								"value": "Bearer {{AdminAuthToken}}"
							}
						],
						"body": {
							"mode": "raw",
							"raw": "{\n    \"recipient_type\": \"individual\",\n    \"to\": \"{{Recipient-WA-ID}}\",\n    \"type\": \"interactive\",\n    \"interactive\": {\n        \"type\": \"list\",\n        \"header\": {\n            \"type\": \"text\",\n            \"text\": \"<Header List Message>\"\n        },\n        \"body\": {\n            \"text\": \"<List Body Message>\"\n        },\n        \"footer\": {\n            \"text\": \"<Footer Message>\"\n        },\n        \"action\": {\n            \"button\": \"Send\",\n            \"sections\": [\n                {\n                    \"title\": \"<Section 1>\",\n                    \"rows\": [\n                        {\n                            \"id\": \"<ID 1.1>\",\n                            \"title\": \"<Title 1.1>\",\n                            \"description\": \"<Description 1.1>\"\n                        },\n                        {\n                            \"id\": \"<ID 1.2>\",\n                            \"title\": \"<Title 1.2>\",\n                            \"description\": \"<Description 1.2>\"\n                        }\n                    ]\n                },\n                {\n                    \"title\": \"Section 2>\",\n                    \"rows\": [\n                        {\n                            \"id\": \"<ID 2.1>\",\n                            \"title\": \"<Title 2.1>\",\n                            \"description\": \"<Description 2.1>\"\n                        },\n                        {\n                            \"id\": \"<ID 2.2>\",\n                            \"title\": \"<Title 2.2>\",\n                            \"description\": \"<Description 2.2>\"\n                        }\n                    ]\n                }\n            ]\n        }\n    }\n}"
						},
						"url": {
							"raw": "{{URL}}/v1/messages",
							"host": [
								"{{URL}}"
							],
							"path": [
								"v1",
								"messages"
							]
						}
					},
					"response": []
				},
				{
					"name": "Send-Buttons-Message",
					"request": {
						"method": "POST",
						"header": [
							{
								"key": "Content-Type",
								"value": "application/json"
							},
							{
								"key": "Authorization",
								"value": "Bearer {{AdminAuthToken}}"
							}
						],
						"body": {
							"mode": "raw",
							"raw": "{\n    \"to\": \"{{Recipient-WA-ID}}\",\n    \"recipient_type\": \"individual\",\n    \"type\": \"interactive\",\n    \"interactive\": {\n        \"type\": \"button\",\n        \"header\": {\n            \"type\": \"text\",\n            \"text\": \"<Header Text>\"\n        },\n        \"body\": {\n            \"text\": \"<Body Text>\"\n        },\n        \"footer\": {\n            \"text\": \"<Footer Text>\"\n        },\n        \"action\": {\n            \"buttons\": [\n                {\n                    \"type\": \"reply\",\n                    \"reply\": {\n                        \"id\": \"<Button 1 Text>\",\n                        \"title\": \"<Button 1>\"\n                    }\n                },\n                {\n                    \"type\": \"reply\",\n                    \"reply\": {\n                        \"id\": \"<Button 2 Text>\",\n                        \"title\": \"<Button 2>\"\n                    }\n                },\n                {\n                    \"type\": \"reply\",\n                    \"reply\": {\n                        \"id\": \"<Button 3 Text>\",\n                        \"title\": \"<Button 3>\"\n                    }\n                }\n            ]\n        }\n    }\n}"
						},
						"url": {
							"raw": "{{URL}}/v1/messages",
							"host": [
								"{{URL}}"
							],
							"path": [
								"v1",
								"messages"
							]
						}
					},
					"response": []
				},
				{
					"name": "Send-Message-Template-Text",
					"request": {
						"method": "POST",
						"header": [
							{
								"key": "Content-Type",
								"value": "application/json"
							},
							{
								"key": "Authorization",
								"value": "Bearer {{AdminAuthToken}}"
							}
						],
						"body": {
							"mode": "raw",
							"raw": "{\n\t\"to\": \"{{Recipient-WA-ID}}\",\n\t\"type\": \"template\",\n\t\"template\": {\n\t\t\"namespace\": \"<Message Template Namespace>\",\n    \t\"name\": \"<Message Template Element Name>\",\n        \"language\": {\n    \t\t\"policy\": \"<Message Template Language Policy>\",\n    \t\t\"code\": \"<Message Template Language Code>\"\n        },\n        \"components\": [{\n            \"type\": \"body\",\n            \"parameters\": [\n                {\n                    \"type\": \"<param type>\",\n                    \"text\": \"<param value>\"\n                }\n            ]\n        }]\n\t}\n}\n"
						},
						"url": {
							"raw": "{{URL}}/v1/messages/",
							"host": [
								"{{URL}}"
							],
							"path": [
								"v1",
								"messages",
								""
							]
						}
					},
					"response": []
				},
				{
					"name": "Send-Message-Template-Media",
					"request": {
						"method": "POST",
						"header": [
							{
								"key": "Content-Type",
								"value": "application/json"
							},
							{
								"key": "Authorization",
								"value": "Bearer {{AdminAuthToken}}"
							}
						],
						"body": {
							"mode": "raw",
							"raw": "{\n\t\"to\": \"{{Recipient-WA-ID}}\",\n\t\"type\": \"template\",\n\t\"template\": {\n\t\t\"namespace\": \"<Message Template Namespace>\",\n    \t\"name\": \"<Message Template Element Name>\",\n    \t\"language\": {\n    \t\t\"policy\": \"<Message Template Language Policy>\",\n    \t\t\"code\": \"<Message Template Language Code>\"\n    \t},\n    \t\"components\": [\n    \t{\n    \t\t\"type\": \"header\",\n    \t\t\"parameters\": [\n    \t\t{\n    \t\t\t\"type\": \"image\",\n\t\t\t\t\"caption\": \"<Message Caption>\",\n\t\t\t\t\"link\": \"<Media HTTPS URL>\"\n    \t\t}\n    \t\t]\n    \t},\n    \t{\n    \t\t\"type\": \"body\",\n    \t\t\"parameters\": [\n    \t\t{\n    \t\t\t\"type\": \"text\",\n    \t\t\t\"text\": \"<Message Text Param>\"\n    \t\t}\n    \t\t]\n    \t}\n    \t]\n\t}\n}\n"
						},
						"url": {
							"raw": "{{URL}}/v1/messages/",
							"host": [
								"{{URL}}"
							],
							"path": [
								"v1",
								"messages",
								""
							]
						}
					},
					"response": []
				},
				{
					"name": "Send-Message-Template-Call-To-Action",
					"request": {
						"method": "POST",
						"header": [
							{
								"key": "Content-Type",
								"value": "application/json"
							},
							{
								"key": "Authorization",
								"value": "Bearer {{AdminAuthToken}}"
							}
						],
						"body": {
							"mode": "raw",
							"raw": "{\n\t\"to\": \"{{Recipient-WA-ID}}\",\n\t\"type\": \"template\",\n\t\"template\": {\n\t\t\"namespace\": \"<Message Template Namespace>\",\n    \t\"name\": \"<Message Template Element Name>\",\n    \t\"language\": {\n    \t\t\"policy\": \"<Message Template Language Policy>\",\n    \t\t\"code\": \"<Message Template Language Code>\"\n    \t},\n    \t\"components\": [\n    \t\t{\n    \t\t\t\"type\": \"header\",\n    \t\t\t\"parameters\": {\n    \t\t\t\t\"type\": \"text\",\n    \t\t\t\t\"text\": \"<Param Text>\"\n    \t\t\t}\n    \t\t},\n    \t\t{\n    \t\t\t\"type\": \"body\",\n    \t\t\t\"parameters\": {\n    \t\t\t\t\"type\": \"text\",\n    \t\t\t\t\"text\": \"<Param Text>\"\n    \t\t\t}\n    \t\t},\n    \t\t{\n    \t\t\t\"type\": \"button\",\n    \t\t\t\"sub_type\": \"url\",\n    \t\t\t\"index\": \"1\",\n    \t\t\t\"parameters\": [\n    \t\t\t\t{\n    \t\t\t\t\t\"type\": \"text\",\n    \t\t\t\t\t\"text\": \"<Developer Defined Dynamic URL suffix>\"\n    \t\t\t\t}\n    \t\t\t]\n    \t\t}\n    \t]\n\t}\n}\n"
						},
						"url": {
							"raw": "{{URL}}/v1/messages/",
							"host": [
								"{{URL}}"
							],
							"path": [
								"v1",
								"messages",
								""
							]
						}
					},
					"response": []
				},
				{
					"name": "Send-Message-Template-Quick-Reply",
					"request": {
						"method": "POST",
						"header": [
							{
								"key": "Content-Type",
								"value": "application/json"
							},
							{
								"key": "Authorization",
								"value": "Bearer {{AdminAuthToken}}"
							}
						],
						"body": {
							"mode": "raw",
							"raw": "{\n\t\"to\": \"{{Recipient-WA-ID}}\",\n\t\"type\": \"template\",\n\t\"template\": {\n\t\t\"namespace\": \"<Message Template Namespace>\",\n    \t\"name\": \"<Message Template Element Name>\",\n    \t\"language\": {\n    \t\t\"policy\": \"<Message Template Language Policy>\",\n    \t\t\"code\": \"<Message Template Language Code>\"\n    \t},\n    \t\"components\": [\n    \t\t{\n    \t\t\t\"type\": \"header\",\n    \t\t\t\"parameters\": {\n    \t\t\t\t\"type\": \"text\",\n    \t\t\t\t\"text\": \"<Param Text>\"\n    \t\t\t}\n    \t\t},\n    \t\t{\n    \t\t\t\"type\": \"body\",\n    \t\t\t\"parameters\": {\n    \t\t\t\t\"type\": \"text\",\n    \t\t\t\t\"text\": \"<Param Text>\"\n    \t\t\t}\n    \t\t},\n    \t\t{\n    \t\t\t\"type\": \"button\",\n    \t\t\t\"sub_type\": \"quick_reply\",\n    \t\t\t\"index\": \"1\",\n    \t\t\t\"parameters\": [\n    \t\t\t\t{\n    \t\t\t\t\t\"type\": \"payload\",\n    \t\t\t\t\t\"payload\": \"<Developer Defined payload for quick reply>\"\n    \t\t\t\t}\n    \t\t\t]\n    \t\t}\n    \t]\n\t}\n}\n"
						},
						"url": {
							"raw": "{{URL}}/v1/messages/",
							"host": [
								"{{URL}}"
							],
							"path": [
								"v1",
								"messages",
								""
							]
						}
					},
					"response": []
				},
				{
					"name": "Send-Contact-Message",
					"request": {
						"method": "POST",
						"header": [
							{
								"key": "Content-Type",
								"value": "application/json"
							},
							{
								"key": "Authorization",
								"value": "Bearer {{AdminAuthToken}}"
							}
						],
						"body": {
							"mode": "raw",
							"raw": "{\n  \"to\": \"{{Recipient-WA-ID}}\",\n  \"type\": \"contacts\",\n  \"recipient_type\": \"individual\",\n  \"contacts\": [\n  \t{\n  \t\t\"addresses\": [\n  \t\t\t{\n  \t\t\t\t\"city\": \"<Contact's City>\",\n  \t\t\t\t\"country\": \"<Contact's Country>\",\n  \t\t\t\t\"country_code\": \"<Contact's Country Code>\",\n  \t\t\t\t\"state\": \"<Contact's State>\",\n  \t\t\t\t\"street\": \"<Contact's Street>\",\n  \t\t\t\t\"type\": \"<Contact's Address Type>\",\n  \t\t\t\t\"zip\": \"<Contact's Zip Code>\"\n  \t\t\t}\n  \t\t],\n  \t\t\"birthday\": \"<Contact's Birthday>\",\n  \t\t\"emails\": [\n  \t\t\t{\n  \t\t\t\t\"email\": \"<Contact's Email>\",\n  \t\t\t\t\"type\": \"<Contact's Email Type>\"\n  \t\t\t}\n  \t\t],\n  \t\t\"ims\": [],\n  \t\t\"name\": {\n  \t\t\t\"first_name\": \"<Contact's First Name>\",\n  \t\t\t\"formatted_name\": \"<Contact's Formatted Name>\",\n  \t\t\t\"last_name\": \"<Contact's Last Name>\"\n  \t\t},\n  \t\t\"org\": {\n  \t\t\t\"company\": \"<Contact's Company>\"\n  \t\t},\n  \t\t\"phones\": [\n  \t\t\t{\n  \t\t\t\t\"phone\": \"<Contact's Phone Number>\",\n  \t\t\t\t\"type\": \"<Contact's Phone Number Type>\"\n  \t\t\t}\n  \t\t],\n  \t\t\"urls\": []\n  \t}\n  ]\n}\n"
						},
						"url": {
							"raw": "{{URL}}/v1/messages",
							"host": [
								"{{URL}}"
							],
							"path": [
								"v1",
								"messages"
							]
						}
					},
					"response": []
				},
				{
					"name": "Send-Location-Message",
					"request": {
						"method": "POST",
						"header": [
							{
								"key": "Content-Type",
								"value": "application/json"
							},
							{
								"key": "Authorization",
								"value": "Bearer {{AdminAuthToken}}"
							}
						],
						"body": {
							"mode": "raw",
							"raw": "{\n  \"to\": \"{{Recipient-WA-ID}}\",\n  \"type\": \"location\",\n  \"recipient_type\": \"individual\",\n  \"location\": {\n    \"longitude\": \"<Longitude>\",\n    \"latitude\": \"<Latitude>\",\n    \"name\": \"<Location Name>\",\n    \"address\": \"<Location's Address>\"\n  }\n}\n"
						},
						"url": {
							"raw": "{{URL}}/v1/messages",
							"host": [
								"{{URL}}"
							],
							"path": [
								"v1",
								"messages"
							]
						}
					},
					"response": []
				},
				{
					"name": "Send-Sticker-Message-By-ID",
					"request": {
						"method": "POST",
						"header": [
							{
								"key": "Content-Type",
								"value": "application/json"
							},
							{
								"key": "Authorization",
								"value": "Bearer {{AdminAuthToken}}"
							}
						],
						"body": {
							"mode": "raw",
							"raw": "{\n\t\"to\": \"{{Recipient-WA-ID}}\",\n\t\"type\": \"sticker\",\n\t\"recipient_type\": \"individual\",\n\t\"sticker\": {\n\t\t\"id\": \"<Sticker Media ID>\"\n\t}\n}\n"
						},
						"url": {
							"raw": "{{URL}}/v1/messages/",
							"host": [
								"{{URL}}"
							],
							"path": [
								"v1",
								"messages",
								""
							]
						}
					},
					"response": []
				},
				{
					"name": "Send-Sticker-Message-By-URL",
					"request": {
						"method": "POST",
						"header": [
							{
								"key": "Content-Type",
								"value": "application/json"
							},
							{
								"key": "Authorization",
								"value": "Bearer {{AdminAuthToken}}"
							}
						],
						"body": {
							"mode": "raw",
							"raw": "{\n\t\"to\": \"{{Recipient-WA-ID}}\",\n\t\"type\": \"sticker\",\n\t\"recipient_type\": \"individual\",\n\t\"sticker\": {\n\t\t\"provider\": {\n\t\t\t\"name\": \"<Provider Name from Media Provider API, optional\"\n\t\t},\n\t\t\"link\": \"<Image Link>\"\n\t}\n}\n"
						},
						"url": {
							"raw": "{{URL}}/v1/messages/",
							"host": [
								"{{URL}}"
							],
							"path": [
								"v1",
								"messages",
								""
							]
						}
					},
					"response": []
				},
				{
					"name": "Mark-Message-As-Read",
					"request": {
						"method": "PUT",
						"header": [
							{
								"key": "Content-Type",
								"value": "application/json"
							},
							{
								"key": "Authorization",
								"value": "Bearer {{AdminAuthToken}}"
							}
						],
						"body": {
							"mode": "raw",
							"raw": "{\n  \"status\": \"read\"\n}\n"
						},
						"url": {
							"raw": "{{URL}}/v1/messages/<Message ID from Webhook>",
							"host": [
								"{{URL}}"
							],
							"path": [
								"v1",
								"messages",
								"<Message ID from Webhook>"
							]
						}
					},
					"response": []
				}
			]
		},
		{
			"name": "05-Media",
			"item": [
				{
					"name": "Upload-Media",
					"request": {
						"method": "POST",
						"header": [
							{
								"key": "Content-Type",
								"value": "image/jpeg"
							},
							{
								"key": "Authorization",
								"value": "Bearer {{AdminAuthToken}}"
							},
							{
								"key": "",
								"value": "",
								"disabled": true
							}
						],
						"body": {
							"mode": "file",
							"file": {}
						},
						"url": {
							"raw": "{{URL}}/v1/media",
							"host": [
								"{{URL}}"
							],
							"path": [
								"v1",
								"media"
							]
						}
					},
					"response": []
				},
				{
					"name": "Download-Media",
					"request": {
						"method": "GET",
						"header": [
							{
								"key": "Content-Type",
								"value": "application/json"
							},
							{
								"key": "Authorization",
								"value": "Bearer {{AdminAuthToken}}"
							}
						],
						"url": {
							"raw": "{{URL}}/v1/media/{{Test-Media-Id}}",
							"host": [
								"{{URL}}"
							],
							"path": [
								"v1",
								"media",
								"{{Test-Media-Id}}"
							]
						}
					},
					"response": []
				},
				{
					"name": "Delete-Media",
					"request": {
						"method": "DELETE",
						"header": [
							{
								"key": "Content-Type",
								"value": "application/json"
							},
							{
								"key": "Authorization",
								"value": "Bearer {{AdminAuthToken}}"
							}
						],
						"body": {
							"mode": "file",
							"file": {}
						},
						"url": {
							"raw": "{{URL}}/v1/media/{{Test-Media-Id}}",
							"host": [
								"{{URL}}"
							],
							"path": [
								"v1",
								"media",
								"{{Test-Media-Id}}"
							]
						}
					},
					"response": []
				}
			]
		},
		{
			"name": "06-Stickers",
			"item": [
				{
					"name": "Get-First-Party-Stickerpacks",
					"request": {
						"method": "GET",
						"header": [
							{
								"key": "Content-Type",
								"value": "application/json"
							},
							{
								"key": "Authorization",
								"value": "Bearer {{AdminAuthToken}}"
							}
						],
						"url": {
							"raw": "{{URL}}/v1/stickerpacks?namespace=whatsapp",
							"host": [
								"{{URL}}"
							],
							"path": [
								"v1",
								"stickerpacks"
							],
							"query": [
								{
									"key": "namespace",
									"value": "whatsapp"
								}
							]
						}
					},
					"response": []
				},
				{
					"name": "Get-First-Party-Stickerpack-Info",
					"request": {
						"method": "GET",
						"header": [
							{
								"key": "Content-Type",
								"value": "application/json"
							},
							{
								"key": "Authorization",
								"value": "Bearer {{AdminAuthToken}}"
							}
						],
						"url": {
							"raw": "{{URL}}/v1/stickerpacks/{{Test-1P-Stickerpack-Id}}?namespace=whatsapp",
							"host": [
								"{{URL}}"
							],
							"path": [
								"v1",
								"stickerpacks",
								"{{Test-1P-Stickerpack-Id}}"
							],
							"query": [
								{
									"key": "namespace",
									"value": "whatsapp"
								}
							]
						}
					},
					"response": []
				},
				{
					"name": "Get-First-Party-Stickers",
					"request": {
						"method": "GET",
						"header": [
							{
								"key": "Content-Type",
								"value": "application/json"
							},
							{
								"key": "Authorization",
								"value": "Bearer {{AdminAuthToken}}"
							}
						],
						"url": {
							"raw": "{{URL}}/v1/stickerpacks/{{Test-1P-Stickerpack-Id}}/stickers?namespace=whatsapp",
							"host": [
								"{{URL}}"
							],
							"path": [
								"v1",
								"stickerpacks",
								"{{Test-1P-Stickerpack-Id}}",
								"stickers"
							],
							"query": [
								{
									"key": "namespace",
									"value": "whatsapp"
								}
							]
						}
					},
					"response": []
				},
				{
					"name": "Get-First-Party-Sticker-Info",
					"request": {
						"method": "GET",
						"header": [
							{
								"key": "Content-Type",
								"value": "application/json"
							},
							{
								"key": "Authorization",
								"value": "Bearer {{AdminAuthToken}}"
							}
						],
						"url": {
							"raw": "{{URL}}/v1/stickerpacks/{{Test-1P-Stickerpack-Id}}/stickers/{{Test-Sticker-Index}}?namespace=whatsapp",
							"host": [
								"{{URL}}"
							],
							"path": [
								"v1",
								"stickerpacks",
								"{{Test-1P-Stickerpack-Id}}",
								"stickers",
								"{{Test-Sticker-Index}}"
							],
							"query": [
								{
									"key": "namespace",
									"value": "whatsapp"
								}
							]
						}
					},
					"response": []
				},
				{
					"name": "Create-Third-Party-Stickerpacks",
					"request": {
						"method": "POST",
						"header": [
							{
								"key": "Content-Type",
								"value": "application/json"
							},
							{
								"key": "Authorization",
								"value": "Bearer {{AdminAuthToken}}"
							}
						],
						"body": {
							"mode": "raw",
							"raw": "{\n\t\"publisher\": \"<Your Publisher Name>\",\n\t\"name\": \"<Your Sticker Pack Name>\",\n\t\"ios_app_store_link\": \"<Valid iOS App Store Link>\",\n\t\"android_app_store_link\": \"<Valid Android App Store Link>\"\n}"
						},
						"url": {
							"raw": "{{URL}}/v1/stickerpacks",
							"host": [
								"{{URL}}"
							],
							"path": [
								"v1",
								"stickerpacks"
							]
						}
					},
					"response": []
				},
				{
					"name": "Get-Third-Party-Stickerpacks",
					"request": {
						"method": "GET",
						"header": [
							{
								"key": "Content-Type",
								"value": "application/json"
							},
							{
								"key": "Authorization",
								"value": "Bearer {{AdminAuthToken}}"
							}
						],
						"url": {
							"raw": "{{URL}}/v1/stickerpacks",
							"host": [
								"{{URL}}"
							],
							"path": [
								"v1",
								"stickerpacks"
							]
						}
					},
					"response": []
				},
				{
					"name": "Update-Third-Party-Stickerpack",
					"request": {
						"method": "PATCH",
						"header": [
							{
								"key": "Content-Type",
								"value": "application/json"
							},
							{
								"key": "Authorization",
								"value": "Bearer {{AdminAuthToken}}"
							}
						],
						"body": {
							"mode": "raw",
							"raw": "{\n\t\"publisher\": \"<Your Publisher Name>\",\n\t\"name\": \"<Your Sticker Pack Name>\",\n\t\"ios_app_store_link\": \"<Valid iOS App Store Link>\",\n\t\"android_app_store_link\": \"<Valid Android App Store Link>\"\n}"
						},
						"url": {
							"raw": "{{URL}}/v1/stickerpacks/{{Test-3P-Stickerpack-Id}}",
							"host": [
								"{{URL}}"
							],
							"path": [
								"v1",
								"stickerpacks",
								"{{Test-3P-Stickerpack-Id}}"
							]
						}
					},
					"response": []
				},
				{
					"name": "Delete-Third-Party-Stickerpack",
					"request": {
						"method": "DELETE",
						"header": [
							{
								"key": "Content-Type",
								"value": "application/json"
							},
							{
								"key": "Authorization",
								"value": "Bearer {{AdminAuthToken}}"
							}
						],
						"url": {
							"raw": "{{URL}}/v1/stickerpacks/{{Test-3P-Stickerpack-Id}}",
							"host": [
								"{{URL}}"
							],
							"path": [
								"v1",
								"stickerpacks",
								"{{Test-3P-Stickerpack-Id}}"
							]
						}
					},
					"response": []
				},
				{
					"name": "Get-Third-Party-Stickerpack-Info",
					"request": {
						"method": "GET",
						"header": [
							{
								"key": "Content-Type",
								"value": "application/json"
							},
							{
								"key": "Authorization",
								"value": "Bearer {{AdminAuthToken}}"
							}
						],
						"url": {
							"raw": "{{URL}}/v1/stickerpacks/{{Test-3P-Stickerpack-Id}}",
							"host": [
								"{{URL}}"
							],
							"path": [
								"v1",
								"stickerpacks",
								"{{Test-3P-Stickerpack-Id}}"
							]
						}
					},
					"response": []
				},
				{
					"name": "Create-Third-Party-Stickers",
					"request": {
						"method": "POST",
						"header": [
							{
								"key": "Content-Type",
								"value": "application/json"
							},
							{
								"key": "Authorization",
								"value": "Bearer {{AdminAuthToken}}"
							}
						],
						"body": {
							"mode": "raw",
							"raw": "{\n\t\"image_data_id\" : \"<Sticker Image Media Id>\",\n\t\"emojis\": [\"🐥\", \"😃\"]\n}"
						},
						"url": {
							"raw": "{{URL}}/v1/stickerpacks/{{Test-3P-Stickerpack-Id}}/stickers",
							"host": [
								"{{URL}}"
							],
							"path": [
								"v1",
								"stickerpacks",
								"{{Test-3P-Stickerpack-Id}}",
								"stickers"
							]
						}
					},
					"response": []
				},
				{
					"name": "Get-Third-Party-Stickers",
					"request": {
						"method": "GET",
						"header": [
							{
								"key": "Content-Type",
								"value": "application/json"
							},
							{
								"key": "Authorization",
								"value": "Bearer {{AdminAuthToken}}"
							}
						],
						"url": {
							"raw": "{{URL}}/v1/stickerpacks/{{Test-3P-Stickerpack-Id}}/stickers",
							"host": [
								"{{URL}}"
							],
							"path": [
								"v1",
								"stickerpacks",
								"{{Test-3P-Stickerpack-Id}}",
								"stickers"
							]
						}
					},
					"response": []
				},
				{
					"name": "Update-Third-Party-Sticker",
					"request": {
						"method": "PATCH",
						"header": [
							{
								"key": "Content-Type",
								"value": "application/json"
							},
							{
								"key": "Authorization",
								"value": "Bearer {{AdminAuthToken}}"
							}
						],
						"body": {
							"mode": "raw",
							"raw": "{\n\t\"image_data_id\" : \"<Valid Image Media Id\",\n\t\"emojis\": [\"🐥\", \"😃\"]\n}"
						},
						"url": {
							"raw": "{{URL}}/v1/stickerpacks/{{Test-3P-Stickerpack-Id}}/stickers/{{Test-Sticker-Index}}",
							"host": [
								"{{URL}}"
							],
							"path": [
								"v1",
								"stickerpacks",
								"{{Test-3P-Stickerpack-Id}}",
								"stickers",
								"{{Test-Sticker-Index}}"
							]
						}
					},
					"response": []
				},
				{
					"name": "Delete-Third-Party-Sticker",
					"request": {
						"method": "DELETE",
						"header": [
							{
								"key": "Content-Type",
								"value": "application/json"
							},
							{
								"key": "Authorization",
								"value": "Bearer {{AdminAuthToken}}"
							}
						],
						"body": {
							"mode": "raw",
							"raw": ""
						},
						"url": {
							"raw": "{{URL}}/v1/stickerpacks/{{Test-3P-Stickerpack-Id}}/stickers/{{Test-Sticker-Index}}",
							"host": [
								"{{URL}}"
							],
							"path": [
								"v1",
								"stickerpacks",
								"{{Test-3P-Stickerpack-Id}}",
								"stickers",
								"{{Test-Sticker-Index}}"
							]
						}
					},
					"response": []
				},
				{
					"name": "Get-Third-Party-Sticker-Info",
					"request": {
						"method": "GET",
						"header": [
							{
								"key": "Content-Type",
								"value": "application/json"
							},
							{
								"key": "Authorization",
								"value": "Bearer {{AdminAuthToken}}"
							}
						],
						"url": {
							"raw": "{{URL}}/v1/stickerpacks/{{Test-3P-Stickerpack-Id}}/stickers/{{Test-Sticker-Index}}",
							"host": [
								"{{URL}}"
							],
							"path": [
								"v1",
								"stickerpacks",
								"{{Test-3P-Stickerpack-Id}}",
								"stickers",
								"{{Test-Sticker-Index}}"
							]
						}
					},
					"response": []
				}
			]
		},
		{
			"name": "07-Health",
			"item": [
				{
					"name": "Check-Health",
					"request": {
						"method": "GET",
						"header": [
							{
								"key": "Content-Type",
								"value": "application/json"
							},
							{
								"key": "Authorization",
								"value": "Bearer {{AdminAuthToken}}"
							}
						],
						"url": {
							"raw": "{{URL}}/v1/health",
							"host": [
								"{{URL}}"
							],
							"path": [
								"v1",
								"health"
							]
						}
					},
					"response": []
				},
				{
					"name": "Get-App-Stats",
					"request": {
						"method": "GET",
						"header": [
							{
								"key": "Content-Type",
								"value": "application/json"
							},
							{
								"key": "Authorization",
								"value": "Bearer {{AdminAuthToken}}"
							}
						],
						"url": {
							"raw": "{{URL}}/v1/stats/app",
							"host": [
								"{{URL}}"
							],
							"path": [
								"v1",
								"stats",
								"app"
							]
						}
					},
					"response": []
				},
				{
					"name": "Get-App-Internal-Stats",
					"request": {
						"method": "GET",
						"header": [
							{
								"key": "Content-Type",
								"value": "application/json"
							},
							{
								"key": "Authorization",
								"value": "Bearer {{AdminAuthToken}}"
							}
						],
						"url": {
							"raw": "{{URL}}/v1/stats/app/internal",
							"host": [
								"{{URL}}"
							],
							"path": [
								"v1",
								"stats",
								"app",
								"internal"
							]
						}
					},
					"response": []
				},
				{
					"name": "Get-DB-Stats",
					"request": {
						"method": "GET",
						"header": [
							{
								"key": "Content-Type",
								"value": "application/json"
							},
							{
								"key": "Authorization",
								"value": "Bearer {{AdminAuthToken}}"
							}
						],
						"url": {
							"raw": "{{URL}}/v1/stats/db",
							"host": [
								"{{URL}}"
							],
							"path": [
								"v1",
								"stats",
								"db"
							]
						}
					},
					"response": []
				},
				{
					"name": "Get-DB-Internal-Stats",
					"request": {
						"method": "GET",
						"header": [
							{
								"key": "Content-Type",
								"value": "application/json"
							},
							{
								"key": "Authorization",
								"value": "Bearer {{AdminAuthToken}}"
							}
						],
						"url": {
							"raw": "{{URL}}/v1/stats/db/internal",
							"host": [
								"{{URL}}"
							],
							"path": [
								"v1",
								"stats",
								"db",
								"internal"
							]
						}
					},
					"response": []
				},
				{
					"name": "Get-Support-Info",
					"request": {
						"method": "GET",
						"header": [
							{
								"key": "Content-Type",
								"value": "application/json"
							},
							{
								"key": "Authorization",
								"value": "Bearer {{AdminAuthToken}}"
							}
						],
						"url": {
							"raw": "{{URL}}/v1/support",
							"host": [
								"{{URL}}"
							],
							"path": [
								"v1",
								"support"
							]
						}
					},
					"response": []
				}
			]
		},
		{
			"name": "08-Certificates",
			"item": [
				{
					"name": "Upload-Certificate",
					"request": {
						"method": "POST",
						"header": [
							{
								"key": "Authorization",
								"value": "Bearer {{AdminAuthToken}}"
							},
							{
								"key": "Content-Type",
								"value": "text/plain"
							},
							{
								"key": "Content-Length",
								"value": "<content-size>"
							}
						],
						"body": {
							"mode": "file",
							"file": {}
						},
						"url": {
							"raw": "{{URL}}/v1/certificates/external",
							"host": [
								"{{URL}}"
							],
							"path": [
								"v1",
								"certificates",
								"external"
							]
						}
					},
					"response": []
				},
				{
					"name": "Download-CA-Certificate",
					"request": {
						"method": "GET",
						"header": [
							{
								"key": "Authorization",
								"value": "Bearer {{AdminAuthToken}}"
							}
						],
						"url": {
							"raw": "{{URL}}/v1/certificates/external/ca",
							"host": [
								"{{URL}}"
							],
							"path": [
								"v1",
								"certificates",
								"external",
								"ca"
							]
						}
					},
					"response": []
				},
				{
					"name": "Upload Webhook CA Certificate",
					"request": {
						"method": "POST",
						"header": [
							{
								"key": "Authorization",
								"value": "Bearer {{AdminAuthToken}}"
							},
							{
								"key": "Content-Type",
								"value": "text/plain"
							}
						],
						"body": {
							"mode": "file",
							"file": {}
						},
						"url": {
							"raw": "{{URL}}/v1/certificates/webhooks/ca",
							"host": [
								"{{URL}}"
							],
							"path": [
								"v1",
								"certificates",
								"webhooks",
								"ca"
							]
						}
					},
					"response": []
				},
				{
					"name": "Download Webhook CA Certificate",
					"request": {
						"method": "GET",
						"header": [
							{
								"key": "Authorization",
								"value": "Bearer {{AdminAuthToken}}"
							}
						],
						"url": {
							"raw": "{{URL}}/v1/certificates/webhooks/ca",
							"host": [
								"{{URL}}"
							],
							"path": [
								"v1",
								"certificates",
								"webhooks",
								"ca"
							]
						}
					},
					"response": []
				},
				{
					"name": "Delete Webhook CA Certificate",
					"request": {
						"method": "DELETE",
						"header": [
							{
								"key": "Authorization",
								"value": "Bearer {{AdminAuthToken}}"
							}
						],
						"body": {
							"mode": "file",
							"file": {}
						},
						"url": {
							"raw": "{{URL}}/v1/certificates/webhooks/ca",
							"host": [
								"{{URL}}"
							],
							"path": [
								"v1",
								"certificates",
								"webhooks",
								"ca"
							]
						}
					},
					"response": []
				}
			]
		},
		{
			"name": "09-Services",
			"item": [
				{
					"name": "Delete-Messages-From-DB",
					"request": {
						"method": "PUT",
						"header": [
							{
								"key": "Content-Type",
								"value": "application/json"
							},
							{
								"key": "Authorization",
								"value": "Bearer {{AdminAuthToken}}"
							}
						],
						"body": {
							"mode": "raw",
							"raw": ""
						},
						"url": {
							"raw": "{{URL}}/v1/services/message/gc",
							"host": [
								"{{URL}}"
							],
							"path": [
								"v1",
								"services",
								"message",
								"gc"
							]
						}
					},
					"response": []
				}
			]
		},
		{
			"name": "10-Metrics-And-Stats",
			"item": [
				{
					"name": "Metrics",
					"request": {
						"method": "GET",
						"header": [
							{
								"key": "Authorization",
								"value": "Bearer {{AdminAuthToken}}",
								"type": "text"
							}
						],
						"url": {
							"raw": "{{URL}}/metrics",
							"host": [
								"{{URL}}"
							],
							"path": [
								"metrics"
							]
						},
						"description": "Returns metrics for the Webapp"
					},
					"response": []
				},
				{
					"name": "Get-App-Stats",
					"request": {
						"method": "GET",
						"header": [
							{
								"key": "Authorization",
								"value": "Bearer {{AdminAuthToken}}",
								"type": "text"
							}
						],
						"url": {
							"raw": "{{URL}}/v1/stats/app",
							"host": [
								"{{URL}}"
							],
							"path": [
								"v1",
								"stats",
								"app"
							]
						},
						"description": "Returns stats for the Coreapp"
					},
					"response": []
				},
				{
					"name": "Get-DB-Stats",
					"request": {
						"method": "GET",
						"header": [
							{
								"key": "Authorization",
								"value": "Bearer {{AdminAuthToken}}",
								"type": "text"
							}
						],
						"url": {
							"raw": "{{URL}}/v1/stats/db",
							"host": [
								"{{URL}}"
							],
							"path": [
								"v1",
								"stats",
								"db"
							]
						},
						"description": "Returns stats for the database"
					},
					"response": []
				}
			]
		}
	]
}